annotation_id,image_id,category_id,concept_name,confidence,bbox
1,1,4,Actinernus,0.5057,"[1001.0, 424.0, 68.0, 44.0]"
2,2,24,Funiculina,0.985,"[436.0, 104.0, 13.0, 24.0]"
3,2,24,Funiculina,0.9812,"[604.0, 146.0, 13.0, 22.0]"
4,2,24,Funiculina,1.0,"[625.0, 177.0, 21.0, 25.0]"
5,2,24,Funiculina,0.9953,"[572.0, 121.0, 19.0, 23.0]"
6,2,24,Funiculina,0.5809,"[372.0, 93.0, 11.0, 20.0]"
7,2,69,Sebastes,0.8142,"[172.0, 362.0, 17.0, 30.0]"
8,2,77,Umbellula,0.9996,"[357.0, 114.0, 13.0, 20.0]"
9,2,24,Funiculina,0.993,"[549.0, 140.0, 14.0, 22.0]"
10,2,24,Funiculina,0.4738,"[45.0, 345.0, 17.0, 39.0]"
11,2,24,Funiculina,0.8524,"[140.0, 174.0, 9.0, 29.0]"
12,2,24,Funiculina,0.6905,"[206.0, 147.0, 10.0, 20.0]"
13,2,77,Umbellula,0.8673,"[64.0, 154.0, 16.0, 25.0]"
14,2,6,Actinopterygii,0.6668,"[689.0, 113.0, 25.0, 21.0]"
15,2,69,Sebastes,0.6128,"[220.0, 271.0, 14.0, 8.0]"
16,2,36,Isosicyonis,0.9238,"[385.0, 338.0, 18.0, 13.0]"
17,2,36,Isosicyonis,0.9808,"[517.0, 214.0, 16.0, 12.0]"
18,2,36,Isosicyonis,0.847,"[639.0, 317.0, 16.0, 11.0]"
19,3,56,Paralomis multispina,0.8455,"[1175.0, 493.0, 81.0, 53.0]"
20,3,56,Paralomis multispina,0.9004,"[1484.0, 329.0, 97.0, 66.0]"
21,4,25,Gastropoda,0.6003,"[732.0, 124.0, 31.0, 22.0]"
22,5,49,Ophiuroidea,0.9656,"[1562.0, 189.0, 97.0, 56.0]"
23,6,25,Gastropoda,0.9933,"[1157.0, 611.0, 40.0, 44.0]"
24,7,58,Peniagone,0.9987,"[5.0, 326.0, 20.0, 27.0]"
25,7,15,Ceriantharia,1.0,"[661.0, 138.0, 34.0, 26.0]"
26,7,50,Paelopatides confundens,0.63,"[174.0, 18.0, 23.0, 30.0]"
27,8,9,Asbestopluma,0.5579,"[778.0, 982.0, 75.0, 71.0]"
28,8,72,Serpulidae,0.9258,"[1830.0, 329.0, 58.0, 45.0]"
29,8,24,Funiculina,0.9574,"[1118.0, 273.0, 36.0, 45.0]"
30,8,17,Chorilia longipes,0.7691,"[1558.0, 1016.0, 66.0, 52.0]"
31,8,61,Psathyrometra fragilis,0.673,"[1422.0, 315.0, 107.0, 102.0]"
32,8,49,Ophiuroidea,0.9968,"[1405.0, 431.0, 159.0, 109.0]"
33,8,49,Ophiuroidea,0.8905,"[1272.0, 343.0, 141.0, 113.0]"
34,8,77,Umbellula,0.8523,"[824.0, 311.0, 63.0, 40.0]"
35,9,61,Psathyrometra fragilis,0.7326,"[974.0, 515.0, 267.0, 259.0]"
36,9,61,Psathyrometra fragilis,0.6678,"[995.0, 796.0, 297.0, 224.0]"
37,10,25,Gastropoda,0.7083,"[469.0, 794.0, 33.0, 36.0]"
38,10,60,Porifera,0.9618,"[483.0, 475.0, 45.0, 32.0]"
39,10,60,Porifera,0.6906,"[293.0, 301.0, 52.0, 41.0]"
40,10,25,Gastropoda,0.642,"[421.0, 305.0, 41.0, 48.0]"
41,10,79,Zoantharia,0.7994,"[239.0, 448.0, 30.0, 24.0]"
42,10,60,Porifera,0.8982,"[293.0, 177.0, 42.0, 45.0]"
43,10,29,Heteropolypus ritteri,0.9856,"[781.0, 491.0, 41.0, 39.0]"
44,10,29,Heteropolypus ritteri,0.6493,"[1547.0, 340.0, 36.0, 30.0]"
45,10,60,Porifera,0.5995,"[928.0, 216.0, 29.0, 30.0]"
46,10,14,Caridea,0.9934,"[180.0, 978.0, 43.0, 61.0]"
47,10,60,Porifera,0.6652,"[888.0, 51.0, 21.0, 23.0]"
48,10,14,Caridea,0.9789,"[1308.0, 345.0, 46.0, 29.0]"
49,10,14,Caridea,0.7956,"[342.0, 314.0, 46.0, 37.0]"
50,10,14,Caridea,0.8942,"[1381.0, 683.0, 30.0, 48.0]"
51,11,38,Liponema brevicorne,0.9654,"[221.0, 56.0, 77.0, 51.0]"
52,11,13,Brisingida,0.607,"[175.0, 130.0, 35.0, 38.0]"
53,12,30,Hexactinellida,0.3406,"[18.0, 157.0, 124.0, 90.0]"
54,12,60,Porifera,0.3975,"[496.0, 330.0, 40.0, 38.0]"
55,12,60,Porifera,0.7131,"[2.0, 62.0, 162.0, 95.0]"
56,13,61,Psathyrometra fragilis,0.9044,"[6.0, 301.0, 22.0, 31.0]"
57,13,58,Peniagone,0.5121,"[84.0, 63.0, 65.0, 37.0]"
58,13,21,Elpidia,0.6669,"[5.0, 184.0, 47.0, 64.0]"
59,14,7,Amphipoda,0.6865,"[0.0, 270.0, 9.0, 19.0]"
60,14,7,Amphipoda,0.2557,"[565.0, 305.0, 12.0, 12.0]"
61,14,7,Amphipoda,0.305,"[34.0, 238.0, 20.0, 15.0]"
62,14,63,Ptychogastria polaris,0.9986,"[215.0, 324.0, 17.0, 16.0]"
63,14,76,Tunicata,0.2117,"[39.0, 296.0, 13.0, 27.0]"
64,14,7,Amphipoda,0.3983,"[25.0, 260.0, 24.0, 17.0]"
65,14,61,Psathyrometra fragilis,0.7317,"[263.0, 132.0, 79.0, 72.0]"
66,15,28,Heterochone calyx,0.9628,"[716.0, 888.0, 60.0, 49.0]"
67,15,29,Heteropolypus ritteri,0.7211,"[1614.0, 960.0, 40.0, 40.0]"
68,15,2,Acanthascinae,0.8824,"[1547.0, 937.0, 36.0, 59.0]"
69,15,73,Staurocalyptus,0.9894,"[1862.0, 548.0, 52.0, 46.0]"
70,15,2,Acanthascinae,0.6323,"[1793.0, 385.0, 57.0, 57.0]"
71,15,2,Acanthascinae,0.6042,"[574.0, 987.0, 78.0, 89.0]"
72,15,2,Acanthascinae,0.4782,"[744.0, 848.0, 46.0, 75.0]"
73,16,58,Peniagone,1.0,"[309.0, 521.0, 107.0, 57.0]"
74,16,12,Benthocodon pedunculata,0.9997,"[451.0, 395.0, 37.0, 26.0]"
75,16,75,Terebellidae,0.7842,"[480.0, 892.0, 93.0, 53.0]"
76,16,68,Scotoplanes globosa,0.9992,"[1628.0, 138.0, 255.0, 251.0]"
77,16,58,Peniagone,1.0,"[398.0, 871.0, 125.0, 113.0]"
78,16,58,Peniagone,0.9923,"[968.0, 558.0, 78.0, 42.0]"
79,16,12,Benthocodon pedunculata,1.0,"[1135.0, 220.0, 23.0, 26.0]"
80,16,45,Munnopsidae,0.9983,"[824.0, 8.0, 70.0, 86.0]"
81,17,5,Actiniaria,0.7366,"[98.0, 656.0, 56.0, 48.0]"
82,17,66,Scleractinia,0.6549,"[218.0, 982.0, 63.0, 68.0]"
83,17,66,Scleractinia,0.9801,"[472.0, 27.0, 37.0, 36.0]"
84,17,66,Scleractinia,0.9976,"[1518.0, 905.0, 51.0, 49.0]"
85,17,15,Ceriantharia,0.9996,"[708.0, 31.0, 64.0, 49.0]"
86,17,2,Acanthascinae,0.6367,"[524.0, 437.0, 265.0, 302.0]"
87,17,36,Isosicyonis,0.6891,"[118.0, 951.0, 62.0, 52.0]"
88,17,62,Psolus squamatus,0.9235,"[1639.0, 133.0, 145.0, 125.0]"
89,18,60,Porifera,0.8366,"[1826.0, 0.0, 61.0, 27.0]"
90,19,28,Heterochone calyx,1.0,"[784.0, 347.0, 81.0, 76.0]"
91,19,61,Psathyrometra fragilis,0.2963,"[322.0, 392.0, 82.0, 111.0]"
92,19,54,Paragorgia,0.9979,"[1355.0, 23.0, 129.0, 162.0]"
93,19,54,Paragorgia,0.5605,"[1334.0, 166.0, 83.0, 130.0]"
94,19,76,Tunicata,0.908,"[1524.0, 582.0, 27.0, 30.0]"
95,19,9,Asbestopluma,0.9779,"[1336.0, 218.0, 30.0, 42.0]"
96,19,22,Farrea,0.9746,"[821.0, 189.0, 54.0, 60.0]"
97,19,2,Acanthascinae,0.5766,"[622.0, 207.0, 48.0, 82.0]"
98,19,28,Heterochone calyx,0.996,"[1139.0, 190.0, 45.0, 72.0]"
99,20,29,Heteropolypus ritteri,0.4745,"[1288.0, 720.0, 62.0, 60.0]"
100,20,29,Heteropolypus ritteri,0.7954,"[1279.0, 800.0, 36.0, 36.0]"
101,20,13,Brisingida,0.9889,"[916.0, 100.0, 456.0, 599.0]"
102,20,18,Corallimorphus pilatus,0.8965,"[576.0, 601.0, 71.0, 54.0]"
103,21,21,Elpidia,0.9992,"[26.0, 782.0, 84.0, 74.0]"
104,22,43,Microstomus pacificus,0.8071,"[481.0, 285.0, 31.0, 17.0]"
105,23,73,Staurocalyptus,0.8783,"[611.0, 997.0, 73.0, 49.0]"
106,23,73,Staurocalyptus,0.9409,"[509.0, 367.0, 52.0, 38.0]"
107,23,46,Mycale,0.9869,"[1424.0, 554.0, 104.0, 46.0]"
108,23,25,Gastropoda,0.6961,"[389.0, 613.0, 104.0, 36.0]"
109,23,73,Staurocalyptus,0.942,"[1178.0, 240.0, 33.0, 50.0]"
110,23,73,Staurocalyptus,0.7159,"[543.0, 406.0, 46.0, 28.0]"
111,23,25,Gastropoda,0.9176,"[1447.0, 367.0, 33.0, 41.0]"
112,23,60,Porifera,0.4123,"[680.0, 178.0, 48.0, 53.0]"
113,23,73,Staurocalyptus,0.8543,"[559.0, 190.0, 132.0, 70.0]"
114,23,22,Farrea,0.9522,"[1642.0, 945.0, 86.0, 105.0]"
115,24,74,Strongylocentrotus fragilis,1.0,"[189.0, 69.0, 13.0, 11.0]"
116,24,74,Strongylocentrotus fragilis,0.9699,"[56.0, 97.0, 23.0, 10.0]"
117,24,74,Strongylocentrotus fragilis,1.0,"[214.0, 72.0, 18.0, 9.0]"
118,24,74,Strongylocentrotus fragilis,0.8761,"[7.0, 77.0, 18.0, 11.0]"
119,25,13,Brisingida,1.0,"[1650.0, 752.0, 110.0, 80.0]"
120,26,67,Scotoplanes,0.249,"[440.0, 180.0, 54.0, 56.0]"
121,26,60,Porifera,0.3462,"[285.0, 133.0, 69.0, 92.0]"
122,27,55,Paragorgia arborea,0.4505,"[515.0, 228.0, 180.0, 306.0]"
123,28,6,Actinopterygii,0.6594,"[429.0, 144.0, 16.0, 10.0]"
124,28,11,Asteroidea,0.9857,"[639.0, 240.0, 15.0, 16.0]"
125,29,50,Paelopatides confundens,0.9964,"[40.0, 8.0, 137.0, 121.0]"
126,30,58,Peniagone,1.0,"[3.0, 987.0, 190.0, 89.0]"
127,30,32,Holothuroidea,0.5194,"[1830.0, 456.0, 73.0, 68.0]"
128,31,43,Microstomus pacificus,1.0,"[484.0, 94.0, 586.0, 375.0]"
129,31,29,Heteropolypus ritteri,0.9998,"[1378.0, 719.0, 171.0, 190.0]"
130,31,60,Porifera,0.5286,"[1283.0, 641.0, 122.0, 132.0]"
131,31,5,Actiniaria,0.6653,"[1378.0, 597.0, 30.0, 30.0]"
132,31,29,Heteropolypus ritteri,0.5843,"[986.0, 55.0, 111.0, 107.0]"
133,32,60,Porifera,0.3796,"[682.0, 133.0, 23.0, 37.0]"
134,33,42,Metridium farcimen,0.8305,"[753.0, 743.0, 57.0, 83.0]"
135,33,12,Benthocodon pedunculata,0.9426,"[1141.0, 269.0, 37.0, 33.0]"
136,34,62,Psolus squamatus,0.9902,"[955.0, 640.0, 43.0, 42.0]"
137,34,25,Gastropoda,0.4009,"[1723.0, 918.0, 26.0, 23.0]"
138,34,79,Zoantharia,0.624,"[1704.0, 949.0, 26.0, 19.0]"
139,34,33,Hormathiidae,0.6023,"[598.0, 604.0, 87.0, 64.0]"
140,34,25,Gastropoda,0.7858,"[1766.0, 841.0, 23.0, 23.0]"
141,34,66,Scleractinia,0.6813,"[1637.0, 977.0, 21.0, 24.0]"
142,34,62,Psolus squamatus,0.9996,"[1598.0, 232.0, 65.0, 59.0]"
143,34,79,Zoantharia,0.9969,"[1711.0, 920.0, 13.0, 17.0]"
144,35,58,Peniagone,1.0,"[779.0, 0.0, 167.0, 99.0]"
145,36,28,Heterochone calyx,0.9997,"[1438.0, 795.0, 363.0, 246.0]"
146,36,16,Chionoecetes tanneri,0.5977,"[1556.0, 571.0, 68.0, 84.0]"
147,36,28,Heterochone calyx,1.0,"[622.0, 276.0, 233.0, 190.0]"
148,36,16,Chionoecetes tanneri,0.604,"[1387.0, 592.0, 54.0, 64.0]"
149,36,51,Pandalus amplus,0.3589,"[403.0, 416.0, 134.0, 48.0]"
150,37,37,Keratoisis,0.9231,"[11.0, 121.0, 212.0, 398.0]"
151,37,55,Paragorgia arborea,0.9944,"[1366.0, 524.0, 134.0, 108.0]"
152,37,41,Merluccius productus,0.477,"[12.0, 16.0, 86.0, 80.0]"
153,37,37,Keratoisis,0.9735,"[510.0, 296.0, 150.0, 276.0]"
154,37,54,Paragorgia,0.8983,"[324.0, 4.0, 89.0, 99.0]"
155,37,40,Mediaster aequalis,0.988,"[908.0, 476.0, 67.0, 63.0]"
156,38,55,Paragorgia arborea,0.999,"[3.0, 1.0, 375.0, 477.0]"
157,39,43,Microstomus pacificus,1.0,"[401.0, 69.0, 190.0, 205.0]"
158,39,71,Sebastolobus,0.9997,"[36.0, 128.0, 60.0, 69.0]"
159,39,47,Octopus rubescens,0.9946,"[1076.0, 574.0, 75.0, 74.0]"
160,39,5,Actiniaria,0.8208,"[1525.0, 708.0, 57.0, 48.0]"
161,40,37,Keratoisis,0.6476,"[1116.0, 45.0, 190.0, 156.0]"
162,40,69,Sebastes,0.6854,"[745.0, 954.0, 86.0, 72.0]"
163,40,34,Isidella tentaculum,0.8992,"[514.0, 741.0, 384.0, 176.0]"
164,40,41,Merluccius productus,0.9937,"[495.0, 83.0, 358.0, 145.0]"
165,40,29,Heteropolypus ritteri,0.982,"[872.0, 439.0, 158.0, 152.0]"
166,40,71,Sebastolobus,0.9967,"[925.0, 284.0, 50.0, 28.0]"
167,40,33,Hormathiidae,1.0,"[768.0, 221.0, 47.0, 41.0]"
168,40,22,Farrea,0.9998,"[517.0, 618.0, 61.0, 69.0]"
169,40,61,Psathyrometra fragilis,0.995,"[464.0, 585.0, 90.0, 88.0]"
170,40,54,Paragorgia,0.6876,"[275.0, 156.0, 64.0, 104.0]"
171,41,66,Scleractinia,0.9768,"[1848.0, 318.0, 35.0, 28.0]"
172,41,16,Chionoecetes tanneri,0.3238,"[678.0, 472.0, 980.0, 274.0]"
173,41,66,Scleractinia,0.9359,"[1393.0, 61.0, 56.0, 53.0]"
174,42,1,Abyssocucumis abyssorum,0.9996,"[1513.0, 682.0, 102.0, 172.0]"
175,43,62,Psolus squamatus,0.4971,"[309.0, 182.0, 40.0, 11.0]"
176,43,49,Ophiuroidea,1.0,"[152.0, 280.0, 69.0, 33.0]"
177,43,49,Ophiuroidea,0.5497,"[500.0, 207.0, 41.0, 27.0]"
178,43,67,Scotoplanes,0.5432,"[167.0, 221.0, 23.0, 26.0]"
179,43,43,Microstomus pacificus,0.4892,"[0.0, 336.0, 40.0, 18.0]"
180,43,49,Ophiuroidea,0.6636,"[142.0, 211.0, 23.0, 26.0]"
181,43,49,Ophiuroidea,0.9496,"[62.0, 326.0, 92.0, 34.0]"
182,43,49,Ophiuroidea,0.6335,"[626.0, 220.0, 27.0, 26.0]"
183,43,49,Ophiuroidea,0.7646,"[215.0, 173.0, 16.0, 25.0]"
184,43,11,Asteroidea,0.9788,"[498.0, 170.0, 30.0, 16.0]"
185,44,41,Merluccius productus,0.755,"[559.0, 918.0, 48.0, 50.0]"
186,45,18,Corallimorphus pilatus,0.922,"[625.0, 619.0, 60.0, 43.0]"
187,46,55,Paragorgia arborea,0.8732,"[482.0, 496.0, 351.0, 249.0]"
188,46,41,Merluccius productus,0.4491,"[428.0, 3.0, 97.0, 80.0]"
189,46,55,Paragorgia arborea,0.9989,"[1537.0, 3.0, 372.0, 254.0]"
190,46,54,Paragorgia,0.9998,"[1574.0, 948.0, 251.0, 129.0]"
191,46,76,Tunicata,0.4062,"[550.0, 4.0, 88.0, 36.0]"
192,46,35,Isididae,0.7243,"[384.0, 620.0, 75.0, 59.0]"
193,46,54,Paragorgia,0.8859,"[1825.0, 878.0, 91.0, 196.0]"
194,46,10,Asbestopluma monticola,0.6442,"[601.0, 136.0, 54.0, 67.0]"
195,46,22,Farrea,0.7779,"[1140.0, 6.0, 108.0, 44.0]"
196,46,37,Keratoisis,0.8142,"[433.0, 464.0, 113.0, 100.0]"
197,46,39,Lithodidae,0.9152,"[443.0, 328.0, 54.0, 49.0]"
198,46,55,Paragorgia arborea,0.9751,"[252.0, 3.0, 233.0, 206.0]"
199,46,54,Paragorgia,0.993,"[361.0, 408.0, 60.0, 54.0]"
200,46,22,Farrea,0.5179,"[1187.0, 716.0, 73.0, 49.0]"
201,46,54,Paragorgia,0.4834,"[1667.0, 372.0, 100.0, 57.0]"
202,46,10,Asbestopluma monticola,0.9575,"[430.0, 414.0, 65.0, 44.0]"
203,46,22,Farrea,0.3033,"[1489.0, 84.0, 65.0, 64.0]"
204,46,54,Paragorgia,0.7055,"[1384.0, 72.0, 72.0, 65.0]"
205,46,57,Parastenella,0.2803,"[1507.0, 635.0, 88.0, 64.0]"
206,46,30,Hexactinellida,0.8717,"[1278.0, 555.0, 217.0, 264.0]"
207,46,22,Farrea,0.5813,"[1832.0, 548.0, 86.0, 83.0]"
208,46,28,Heterochone calyx,0.868,"[956.0, 1004.0, 276.0, 67.0]"
209,46,60,Porifera,0.7207,"[1228.0, 942.0, 75.0, 54.0]"
210,47,77,Umbellula,0.6057,"[855.0, 322.0, 60.0, 39.0]"
211,47,77,Umbellula,0.616,"[1878.0, 32.0, 38.0, 121.0]"
212,47,58,Peniagone,0.9684,"[1851.0, 520.0, 63.0, 72.0]"
213,48,12,Benthocodon pedunculata,0.9992,"[512.0, 482.0, 40.0, 38.0]"
214,48,58,Peniagone,0.9959,"[1570.0, 635.0, 153.0, 75.0]"
215,49,48,Ophiacanthidae,0.9731,"[1684.0, 597.0, 121.0, 317.0]"
216,49,55,Paragorgia arborea,0.7252,"[1211.0, 0.0, 708.0, 679.0]"
217,50,74,Strongylocentrotus fragilis,1.0,"[694.0, 17.0, 49.0, 44.0]"
218,50,18,Corallimorphus pilatus,0.9899,"[1020.0, 1004.0, 49.0, 52.0]"
219,50,74,Strongylocentrotus fragilis,0.5263,"[637.0, 691.0, 44.0, 46.0]"
220,50,48,Ophiacanthidae,0.992,"[389.0, 211.0, 26.0, 37.0]"
221,50,18,Corallimorphus pilatus,1.0,"[1343.0, 691.0, 73.0, 57.0]"
222,51,27,Heterocarpus,0.7436,"[667.0, 231.0, 37.0, 31.0]"
223,51,18,Corallimorphus pilatus,0.2693,"[824.0, 1.0, 76.0, 21.0]"
224,51,25,Gastropoda,0.9436,"[1702.0, 871.0, 36.0, 43.0]"
225,51,76,Tunicata,0.8968,"[1638.0, 139.0, 43.0, 116.0]"
226,51,27,Heterocarpus,0.9966,"[1687.0, 118.0, 33.0, 81.0]"
227,51,27,Heterocarpus,0.9683,"[1623.0, 68.0, 32.0, 56.0]"
228,51,27,Heterocarpus,0.7343,"[744.0, 426.0, 85.0, 51.0]"
229,51,27,Heterocarpus,0.4854,"[1771.0, 223.0, 94.0, 54.0]"
230,51,14,Caridea,0.9899,"[1847.0, 56.0, 24.0, 54.0]"
231,51,14,Caridea,0.4448,"[1820.0, 149.0, 37.0, 36.0]"
232,52,5,Actiniaria,0.8782,"[443.0, 58.0, 22.0, 14.0]"
233,53,55,Paragorgia arborea,0.9995,"[106.0, 120.0, 266.0, 255.0]"
234,54,15,Ceriantharia,0.9391,"[810.0, 809.0, 43.0, 29.0]"
235,55,61,Psathyrometra fragilis,0.7288,"[1271.0, 478.0, 69.0, 72.0]"
236,56,21,Elpidia,0.9999,"[1283.0, 107.0, 115.0, 97.0]"
237,56,1,Abyssocucumis abyssorum,0.5204,"[703.0, 840.0, 138.0, 163.0]"
238,57,35,Isididae,0.3989,"[29.0, 260.0, 97.0, 116.0]"
239,57,24,Funiculina,0.9647,"[1438.0, 16.0, 37.0, 79.0]"
240,58,44,Munidopsis,0.6884,"[304.0, 354.0, 38.0, 26.0]"
241,58,44,Munidopsis,0.5275,"[231.0, 312.0, 22.0, 24.0]"
242,59,3,Acanthoptilum,0.8739,"[278.0, 177.0, 21.0, 12.0]"
243,59,67,Scotoplanes,0.5358,"[432.0, 262.0, 62.0, 34.0]"
244,59,14,Caridea,0.289,"[581.0, 108.0, 25.0, 21.0]"
245,60,44,Munidopsis,0.5359,"[1199.0, 485.0, 53.0, 67.0]"
246,61,44,Munidopsis,0.5802,"[433.0, 317.0, 20.0, 15.0]"
247,61,60,Porifera,0.4378,"[541.0, 248.0, 17.0, 14.0]"
248,61,44,Munidopsis,0.999,"[44.0, 155.0, 36.0, 29.0]"
249,62,60,Porifera,0.7136,"[1430.0, 640.0, 104.0, 73.0]"
250,62,68,Scotoplanes globosa,0.9998,"[701.0, 182.0, 1082.0, 539.0]"
251,63,68,Scotoplanes globosa,0.9069,"[468.0, 475.0, 205.0, 173.0]"
252,64,70,Sebastes diploproa,0.8251,"[214.0, 242.0, 56.0, 34.0]"
253,64,51,Pandalus amplus,0.5032,"[429.0, 184.0, 58.0, 96.0]"
254,65,6,Actinopterygii,1.0,"[192.0, 79.0, 25.0, 22.0]"
255,66,72,Serpulidae,0.821,"[1760.0, 886.0, 28.0, 21.0]"
256,66,15,Ceriantharia,0.9986,"[663.0, 271.0, 48.0, 32.0]"
257,66,9,Asbestopluma,0.9982,"[1713.0, 835.0, 18.0, 34.0]"
258,66,9,Asbestopluma,0.8199,"[1687.0, 830.0, 22.0, 34.0]"
259,67,4,Actinernus,0.7771,"[712.0, 813.0, 60.0, 31.0]"
260,67,4,Actinernus,0.7271,"[617.0, 744.0, 33.0, 37.0]"
261,67,4,Actinernus,0.944,"[518.0, 962.0, 28.0, 27.0]"
262,67,14,Caridea,0.519,"[406.0, 752.0, 27.0, 41.0]"
263,67,4,Actinernus,0.9091,"[764.0, 789.0, 29.0, 21.0]"
264,67,6,Actinopterygii,0.8921,"[567.0, 899.0, 31.0, 35.0]"
265,67,15,Ceriantharia,0.268,"[552.0, 732.0, 29.0, 20.0]"
266,68,68,Scotoplanes globosa,0.6539,"[1304.0, 457.0, 106.0, 100.0]"
267,69,15,Ceriantharia,1.0,"[528.0, 737.0, 68.0, 65.0]"
268,70,70,Sebastes diploproa,0.283,"[469.0, 107.0, 27.0, 31.0]"
269,70,70,Sebastes diploproa,0.5973,"[175.0, 226.0, 30.0, 26.0]"
270,70,1,Abyssocucumis abyssorum,0.2661,"[425.0, 110.0, 42.0, 47.0]"
271,71,65,Rathbunaster californicus,1.0,"[518.0, 263.0, 74.0, 62.0]"
272,71,65,Rathbunaster californicus,0.9994,"[981.0, 40.0, 80.0, 41.0]"
273,72,37,Keratoisis,0.9975,"[4.0, 8.0, 192.0, 187.0]"
274,73,21,Elpidia,1.0,"[538.0, 207.0, 94.0, 83.0]"
275,73,21,Elpidia,1.0,"[829.0, 640.0, 86.0, 81.0]"
276,73,21,Elpidia,1.0,"[1669.0, 2.0, 101.0, 53.0]"
277,74,48,Ophiacanthidae,0.3934,"[486.0, 210.0, 118.0, 59.0]"
278,74,48,Ophiacanthidae,0.6274,"[1250.0, 282.0, 72.0, 94.0]"
279,75,26,Gersemia juliepackardae,0.3507,"[1087.0, 986.0, 35.0, 43.0]"
280,75,5,Actiniaria,0.6509,"[1468.0, 1040.0, 39.0, 35.0]"
281,75,57,Parastenella,0.8087,"[586.0, 96.0, 99.0, 90.0]"
282,75,65,Rathbunaster californicus,0.9859,"[1052.0, 218.0, 41.0, 37.0]"
283,76,68,Scotoplanes globosa,1.0,"[282.0, 500.0, 200.0, 144.0]"
284,77,11,Asteroidea,0.9958,"[1342.0, 625.0, 113.0, 75.0]"
285,78,11,Asteroidea,0.9748,"[628.0, 615.0, 27.0, 23.0]"
286,78,11,Asteroidea,0.9445,"[516.0, 364.0, 56.0, 38.0]"
287,79,14,Caridea,0.9597,"[692.0, 249.0, 50.0, 19.0]"
288,79,14,Caridea,1.0,"[696.0, 498.0, 67.0, 34.0]"
289,79,14,Caridea,0.9998,"[1437.0, 389.0, 45.0, 18.0]"
290,80,69,Sebastes,0.9156,"[54.0, 329.0, 37.0, 20.0]"
291,81,35,Isididae,0.8496,"[882.0, 472.0, 63.0, 153.0]"
292,81,37,Keratoisis,0.8274,"[1203.0, 561.0, 294.0, 352.0]"
293,81,34,Isidella tentaculum,1.0,"[0.0, 416.0, 233.0, 286.0]"
294,82,14,Caridea,0.9788,"[427.0, 336.0, 64.0, 48.0]"
295,82,5,Actiniaria,0.8328,"[1274.0, 34.0, 74.0, 96.0]"
296,82,33,Hormathiidae,0.9719,"[1390.0, 616.0, 69.0, 98.0]"
297,82,33,Hormathiidae,0.3941,"[1465.0, 87.0, 59.0, 64.0]"
298,82,36,Isosicyonis,1.0,"[463.0, 803.0, 57.0, 31.0]"
299,82,14,Caridea,0.9227,"[1191.0, 285.0, 40.0, 43.0]"
300,83,11,Asteroidea,0.8438,"[1646.0, 827.0, 38.0, 16.0]"
301,84,44,Munidopsis,0.8482,"[270.0, 238.0, 20.0, 15.0]"
302,84,44,Munidopsis,0.9624,"[357.0, 84.0, 26.0, 24.0]"
303,84,44,Munidopsis,0.9985,"[365.0, 232.0, 36.0, 35.0]"
304,84,44,Munidopsis,0.2431,"[120.0, 268.0, 14.0, 18.0]"
305,85,70,Sebastes diploproa,0.2648,"[364.0, 232.0, 22.0, 14.0]"
306,86,16,Chionoecetes tanneri,0.8902,"[844.0, 451.0, 64.0, 40.0]"
307,86,2,Acanthascinae,0.9955,"[220.0, 960.0, 102.0, 96.0]"
308,86,28,Heterochone calyx,0.8555,"[444.0, 913.0, 78.0, 46.0]"
309,86,22,Farrea,0.8487,"[432.0, 851.0, 100.0, 49.0]"
310,86,54,Paragorgia,1.0,"[880.0, 681.0, 73.0, 48.0]"
311,87,68,Scotoplanes globosa,1.0,"[1009.0, 681.0, 259.0, 293.0]"
312,88,7,Amphipoda,1.0,"[471.0, 238.0, 18.0, 15.0]"
313,89,3,Acanthoptilum,0.7927,"[9.0, 176.0, 44.0, 28.0]"
314,90,3,Acanthoptilum,0.6032,"[398.0, 337.0, 29.0, 26.0]"
315,90,3,Acanthoptilum,0.9812,"[631.0, 231.0, 86.0, 34.0]"
316,91,21,Elpidia,0.9812,"[952.0, 2.0, 99.0, 43.0]"
317,92,68,Scotoplanes globosa,0.9999,"[959.0, 652.0, 199.0, 233.0]"
318,92,68,Scotoplanes globosa,0.9997,"[721.0, 4.0, 245.0, 115.0]"
319,93,42,Metridium farcimen,0.9999,"[53.0, 106.0, 56.0, 78.0]"
320,93,42,Metridium farcimen,0.8224,"[337.0, 154.0, 50.0, 47.0]"
321,93,42,Metridium farcimen,0.9896,"[341.0, 84.0, 46.0, 32.0]"
322,93,42,Metridium farcimen,0.9964,"[442.0, 160.0, 22.0, 23.0]"
323,93,42,Metridium farcimen,0.9999,"[145.0, 104.0, 40.0, 60.0]"
324,93,42,Metridium farcimen,1.0,"[194.0, 188.0, 52.0, 69.0]"
325,93,42,Metridium farcimen,0.9924,"[201.0, 59.0, 50.0, 92.0]"
326,93,42,Metridium farcimen,1.0,"[241.0, 84.0, 41.0, 67.0]"
327,93,42,Metridium farcimen,0.9895,"[5.0, 96.0, 41.0, 58.0]"
328,93,42,Metridium farcimen,0.8033,"[488.0, 207.0, 35.0, 50.0]"
329,94,9,Asbestopluma,0.9798,"[1709.0, 939.0, 57.0, 24.0]"
330,94,9,Asbestopluma,0.9997,"[546.0, 665.0, 31.0, 74.0]"
331,94,29,Heteropolypus ritteri,0.6413,"[984.0, 620.0, 16.0, 32.0]"
332,95,21,Elpidia,1.0,"[598.0, 301.0, 78.0, 66.0]"
333,95,21,Elpidia,1.0,"[27.0, 432.0, 146.0, 91.0]"
334,96,45,Munnopsidae,0.3456,"[1356.0, 551.0, 48.0, 37.0]"
335,96,45,Munnopsidae,0.9999,"[1436.0, 910.0, 37.0, 29.0]"
336,97,7,Amphipoda,0.9646,"[735.0, 337.0, 43.0, 280.0]"
337,97,9,Asbestopluma,0.9286,"[750.0, 603.0, 135.0, 306.0]"
338,98,11,Asteroidea,1.0,"[92.0, 150.0, 40.0, 24.0]"
339,99,3,Acanthoptilum,0.6024,"[67.0, 169.0, 11.0, 12.0]"
340,99,23,Florometra serratissima,0.5987,"[442.0, 136.0, 15.0, 17.0]"
341,100,76,Tunicata,0.4453,"[1277.0, 956.0, 460.0, 123.0]"
342,100,25,Gastropoda,0.9947,"[1160.0, 86.0, 45.0, 32.0]"
343,101,45,Munnopsidae,0.9988,"[773.0, 597.0, 81.0, 80.0]"
344,102,75,Terebellidae,1.0,"[110.0, 305.0, 65.0, 70.0]"
345,102,75,Terebellidae,1.0,"[1683.0, 1030.0, 52.0, 46.0]"
346,102,75,Terebellidae,1.0,"[1497.0, 987.0, 51.0, 56.0]"
347,102,75,Terebellidae,1.0,"[1710.0, 977.0, 84.0, 78.0]"
348,102,75,Terebellidae,1.0,"[1800.0, 987.0, 51.0, 52.0]"
349,102,75,Terebellidae,1.0,"[1564.0, 753.0, 46.0, 52.0]"
350,103,61,Psathyrometra fragilis,0.8577,"[603.0, 362.0, 32.0, 23.0]"
351,103,9,Asbestopluma,0.9022,"[32.0, 37.0, 17.0, 44.0]"
352,104,21,Elpidia,1.0,"[703.0, 560.0, 118.0, 88.0]"
353,104,21,Elpidia,1.0,"[1115.0, 301.0, 101.0, 82.0]"
354,105,5,Actiniaria,0.5592,"[852.0, 1012.0, 44.0, 27.0]"
355,105,25,Gastropoda,0.5081,"[1401.0, 545.0, 27.0, 23.0]"
356,105,19,Crinoidea,0.7063,"[1489.0, 625.0, 64.0, 80.0]"
357,105,7,Amphipoda,0.8764,"[1020.0, 409.0, 182.0, 141.0]"
358,105,61,Psathyrometra fragilis,0.642,"[1570.0, 129.0, 202.0, 189.0]"
359,106,32,Holothuroidea,0.9984,"[1716.0, 787.0, 91.0, 37.0]"
360,106,32,Holothuroidea,0.9836,"[1368.0, 701.0, 87.0, 24.0]"
361,107,25,Gastropoda,0.4319,"[72.0, 495.0, 55.0, 36.0]"
362,107,5,Actiniaria,0.8147,"[384.0, 424.0, 74.0, 62.0]"
363,108,66,Scleractinia,0.4644,"[536.0, 756.0, 72.0, 58.0]"
364,108,79,Zoantharia,0.6974,"[1369.0, 536.0, 75.0, 88.0]"
365,108,5,Actiniaria,0.9248,"[14.0, 915.0, 101.0, 95.0]"
366,108,79,Zoantharia,0.991,"[1754.0, 474.0, 59.0, 55.0]"
367,108,79,Zoantharia,0.8243,"[1794.0, 235.0, 76.0, 75.0]"
368,108,79,Zoantharia,0.9364,"[1539.0, 316.0, 63.0, 52.0]"
369,109,29,Heteropolypus ritteri,0.9985,"[985.0, 627.0, 35.0, 31.0]"
370,109,23,Florometra serratissima,0.4778,"[1477.0, 23.0, 92.0, 100.0]"
371,109,29,Heteropolypus ritteri,0.8466,"[900.0, 917.0, 24.0, 25.0]"
372,109,29,Heteropolypus ritteri,0.9961,"[1076.0, 726.0, 32.0, 29.0]"
373,110,50,Paelopatides confundens,0.5326,"[1261.0, 1059.0, 70.0, 18.0]"
374,111,2,Acanthascinae,0.9993,"[1508.0, 38.0, 71.0, 54.0]"
375,112,43,Microstomus pacificus,0.502,"[159.0, 324.0, 21.0, 24.0]"
376,113,9,Asbestopluma,0.5205,"[22.0, 383.0, 37.0, 43.0]"
377,113,48,Ophiacanthidae,0.4384,"[427.0, 326.0, 17.0, 25.0]"
378,113,9,Asbestopluma,0.6612,"[372.0, 260.0, 13.0, 18.0]"
379,113,56,Paralomis multispina,0.9942,"[252.0, 216.0, 109.0, 160.0]"
380,113,72,Serpulidae,0.9986,"[385.0, 232.0, 14.0, 17.0]"
381,113,72,Serpulidae,0.538,"[282.0, 197.0, 33.0, 22.0]"
382,113,72,Serpulidae,0.6849,"[205.0, 223.0, 21.0, 23.0]"
383,113,44,Munidopsis,0.9717,"[487.0, 118.0, 14.0, 11.0]"
384,113,75,Terebellidae,0.534,"[397.0, 194.0, 62.0, 69.0]"
385,114,55,Paragorgia arborea,0.9614,"[286.0, 376.0, 158.0, 130.0]"
386,114,11,Asteroidea,0.9779,"[884.0, 270.0, 31.0, 19.0]"
387,114,37,Keratoisis,0.9911,"[515.0, 90.0, 99.0, 128.0]"
388,115,75,Terebellidae,0.9688,"[563.0, 284.0, 31.0, 27.0]"
389,116,48,Ophiacanthidae,0.9888,"[984.0, 4.0, 161.0, 132.0]"
390,116,39,Lithodidae,0.8679,"[1622.0, 56.0, 48.0, 51.0]"
391,117,2,Acanthascinae,0.9271,"[0.0, 1.0, 486.0, 643.0]"
392,118,44,Munidopsis,0.4642,"[269.0, 132.0, 23.0, 12.0]"
393,119,47,Octopus rubescens,0.4696,"[63.0, 381.0, 45.0, 32.0]"
394,120,69,Sebastes,0.5144,"[681.0, 390.0, 18.0, 18.0]"
395,120,71,Sebastolobus,0.9875,"[20.0, 298.0, 19.0, 15.0]"
396,120,69,Sebastes,0.6928,"[213.0, 408.0, 19.0, 14.0]"
397,121,71,Sebastolobus,0.9991,"[1171.0, 453.0, 132.0, 64.0]"
398,122,77,Umbellula,0.9374,"[84.0, 711.0, 55.0, 70.0]"
399,123,69,Sebastes,0.9909,"[712.0, 522.0, 142.0, 39.0]"
400,123,71,Sebastolobus,0.8992,"[1607.0, 463.0, 52.0, 24.0]"
401,124,47,Octopus rubescens,0.9774,"[596.0, 6.0, 128.0, 49.0]"
402,124,65,Rathbunaster californicus,1.0,"[653.0, 51.0, 112.0, 67.0]"
403,125,38,Liponema brevicorne,0.9866,"[1356.0, 539.0, 164.0, 146.0]"
404,126,61,Psathyrometra fragilis,0.2666,"[577.0, 340.0, 28.0, 24.0]"
405,127,9,Asbestopluma,0.9622,"[505.0, 482.0, 93.0, 80.0]"
406,128,55,Paragorgia arborea,0.9901,"[314.0, 125.0, 173.0, 105.0]"
407,128,55,Paragorgia arborea,0.96,"[4.0, 227.0, 119.0, 209.0]"
408,129,44,Munidopsis,0.9943,"[336.0, 796.0, 34.0, 25.0]"
409,130,75,Terebellidae,0.975,"[339.0, 424.0, 54.0, 65.0]"
410,130,75,Terebellidae,0.9988,"[1008.0, 481.0, 54.0, 49.0]"
411,130,75,Terebellidae,0.9999,"[177.0, 896.0, 128.0, 86.0]"
412,130,75,Terebellidae,1.0,"[366.0, 518.0, 76.0, 52.0]"
413,131,11,Asteroidea,0.9941,"[1535.0, 522.0, 24.0, 20.0]"
414,131,9,Asbestopluma,0.5591,"[1611.0, 981.0, 48.0, 63.0]"
415,132,51,Pandalus amplus,0.9826,"[1884.0, 677.0, 30.0, 32.0]"
416,132,54,Paragorgia,0.8461,"[1076.0, 402.0, 171.0, 326.0]"
417,132,51,Pandalus amplus,0.9998,"[892.0, 279.0, 96.0, 67.0]"
418,133,20,Delectopecten,0.9622,"[688.0, 408.0, 27.0, 16.0]"
419,134,57,Parastenella,0.7265,"[1865.0, 0.0, 54.0, 412.0]"
420,135,10,Asbestopluma monticola,0.9932,"[419.0, 526.0, 55.0, 116.0]"
421,136,38,Liponema brevicorne,0.7445,"[289.0, 200.0, 320.0, 134.0]"
422,136,69,Sebastes,0.7313,"[1836.0, 630.0, 81.0, 92.0]"
423,137,38,Liponema brevicorne,1.0,"[1156.0, 242.0, 662.0, 517.0]"
424,137,71,Sebastolobus,1.0,"[897.0, 367.0, 151.0, 259.0]"
425,138,67,Scotoplanes,0.9991,"[890.0, 79.0, 66.0, 69.0]"
426,139,33,Hormathiidae,0.7327,"[1717.0, 801.0, 45.0, 43.0]"
427,139,11,Asteroidea,0.6861,"[901.0, 34.0, 45.0, 26.0]"
428,139,33,Hormathiidae,0.9871,"[671.0, 185.0, 32.0, 34.0]"
429,140,13,Brisingida,0.4633,"[82.0, 181.0, 126.0, 178.0]"
430,140,7,Amphipoda,0.9772,"[442.0, 339.0, 10.0, 11.0]"
431,141,65,Rathbunaster californicus,1.0,"[1430.0, 52.0, 128.0, 108.0]"
432,141,8,Apostichopus leukothele,0.8477,"[1080.0, 3.0, 35.0, 52.0]"
433,142,13,Brisingida,0.6369,"[1256.0, 908.0, 84.0, 56.0]"
434,142,71,Sebastolobus,0.9999,"[1713.0, 931.0, 196.0, 148.0]"
435,142,18,Corallimorphus pilatus,1.0,"[1225.0, 792.0, 211.0, 169.0]"
436,143,61,Psathyrometra fragilis,0.4637,"[448.0, 62.0, 41.0, 33.0]"
437,143,48,Ophiacanthidae,0.9598,"[491.0, 102.0, 28.0, 30.0]"
438,143,35,Isididae,0.5829,"[358.0, 289.0, 64.0, 78.0]"
439,143,6,Actinopterygii,0.8565,"[150.0, 259.0, 13.0, 22.0]"
440,143,28,Heterochone calyx,0.8047,"[201.0, 175.0, 28.0, 26.0]"
441,143,6,Actinopterygii,0.9781,"[157.0, 259.0, 15.0, 18.0]"
442,143,60,Porifera,0.7588,"[365.0, 183.0, 31.0, 28.0]"
443,143,13,Brisingida,0.9967,"[451.0, 123.0, 29.0, 34.0]"
444,143,41,Merluccius productus,0.6438,"[226.0, 180.0, 30.0, 23.0]"
445,144,9,Asbestopluma,0.9981,"[464.0, 6.0, 210.0, 117.0]"
446,145,37,Keratoisis,0.7205,"[854.0, 0.0, 488.0, 756.0]"
447,146,32,Holothuroidea,0.6778,"[24.0, 348.0, 21.0, 25.0]"
448,146,53,Pannychia moseleyi,0.2955,"[251.0, 230.0, 20.0, 16.0]"
449,147,29,Heteropolypus ritteri,0.9996,"[890.0, 0.0, 183.0, 364.0]"
450,148,14,Caridea,0.4995,"[1429.0, 955.0, 31.0, 61.0]"
451,148,41,Merluccius productus,0.4988,"[1156.0, 419.0, 42.0, 53.0]"
452,148,71,Sebastolobus,0.9963,"[812.0, 741.0, 44.0, 44.0]"
453,149,53,Pannychia moseleyi,0.5595,"[1266.0, 2.0, 90.0, 25.0]"
454,150,5,Actiniaria,0.9023,"[850.0, 478.0, 105.0, 90.0]"
455,151,66,Scleractinia,0.6255,"[1260.0, 8.0, 65.0, 56.0]"
456,151,31,Hippasteria,0.6212,"[1248.0, 256.0, 114.0, 119.0]"
457,151,1,Abyssocucumis abyssorum,0.5451,"[11.0, 224.0, 113.0, 83.0]"
458,151,31,Hippasteria,0.6952,"[6.0, 32.0, 41.0, 123.0]"
459,152,30,Hexactinellida,0.337,"[585.0, 101.0, 94.0, 48.0]"
460,152,2,Acanthascinae,0.9056,"[567.0, 0.0, 42.0, 54.0]"
461,152,78,Vesicomyidae,0.7309,"[617.0, 136.0, 97.0, 71.0]"
462,153,45,Munnopsidae,0.9848,"[237.0, 376.0, 23.0, 21.0]"
463,154,25,Gastropoda,0.4158,"[831.0, 532.0, 72.0, 40.0]"
464,154,76,Tunicata,0.999,"[949.0, 1004.0, 43.0, 45.0]"
465,154,51,Pandalus amplus,0.9987,"[697.0, 988.0, 57.0, 40.0]"
466,155,75,Terebellidae,0.9267,"[1213.0, 696.0, 54.0, 57.0]"
467,155,11,Asteroidea,0.8776,"[660.0, 385.0, 43.0, 38.0]"
468,155,11,Asteroidea,0.8807,"[5.0, 555.0, 40.0, 56.0]"
469,156,45,Munnopsidae,0.9711,"[875.0, 637.0, 58.0, 56.0]"
470,157,43,Microstomus pacificus,0.9627,"[549.0, 275.0, 52.0, 44.0]"
471,158,6,Actinopterygii,0.9317,"[1420.0, 144.0, 52.0, 30.0]"
472,159,64,Pyrosoma atlanticum,0.9989,"[1786.0, 912.0, 46.0, 53.0]"
473,160,1,Abyssocucumis abyssorum,0.7082,"[741.0, 366.0, 49.0, 50.0]"
474,161,62,Psolus squamatus,0.4609,"[880.0, 605.0, 28.0, 110.0]"
475,162,54,Paragorgia,0.4992,"[966.0, 776.0, 74.0, 73.0]"
476,163,21,Elpidia,0.6884,"[1292.0, 64.0, 59.0, 36.0]"
477,164,45,Munnopsidae,1.0,"[1040.0, 859.0, 23.0, 26.0]"
478,165,24,Funiculina,0.7371,"[162.0, 77.0, 24.0, 18.0]"
479,165,24,Funiculina,0.9484,"[279.0, 189.0, 14.0, 21.0]"
480,165,59,Pennatula phosphorea,0.3608,"[67.0, 360.0, 16.0, 29.0]"
481,165,59,Pennatula phosphorea,0.7936,"[364.0, 302.0, 24.0, 28.0]"
482,165,59,Pennatula phosphorea,0.6599,"[68.0, 114.0, 20.0, 17.0]"
483,165,24,Funiculina,0.8328,"[266.0, 162.0, 20.0, 30.0]"
484,165,32,Holothuroidea,0.3098,"[569.0, 136.0, 18.0, 22.0]"
485,165,53,Pannychia moseleyi,0.26,"[6.0, 90.0, 22.0, 26.0]"
486,165,1,Abyssocucumis abyssorum,0.7241,"[138.0, 190.0, 17.0, 23.0]"
487,165,53,Pannychia moseleyi,0.4824,"[555.0, 224.0, 16.0, 27.0]"
488,166,37,Keratoisis,0.9989,"[1307.0, 244.0, 96.0, 83.0]"
489,166,37,Keratoisis,0.9966,"[164.0, 244.0, 204.0, 193.0]"
490,166,34,Isidella tentaculum,0.9995,"[49.0, 656.0, 198.0, 268.0]"
491,166,30,Hexactinellida,0.8529,"[488.0, 913.0, 193.0, 164.0]"
492,166,37,Keratoisis,0.9989,"[766.0, 97.0, 126.0, 121.0]"
493,166,37,Keratoisis,0.9999,"[1030.0, 78.0, 96.0, 172.0]"
494,166,37,Keratoisis,0.9974,"[1408.0, 232.0, 78.0, 94.0]"
495,166,60,Porifera,0.5628,"[585.0, 836.0, 94.0, 75.0]"
496,167,23,Florometra serratissima,0.6618,"[312.0, 165.0, 54.0, 31.0]"
497,167,29,Heteropolypus ritteri,0.4877,"[382.0, 93.0, 32.0, 19.0]"
498,168,49,Ophiuroidea,0.9998,"[1282.0, 563.0, 319.0, 173.0]"
499,168,48,Ophiacanthidae,0.688,"[702.0, 513.0, 229.0, 159.0]"
500,168,16,Chionoecetes tanneri,0.8055,"[1766.0, 239.0, 152.0, 219.0]"
501,169,57,Parastenella,0.9947,"[233.0, 197.0, 90.0, 112.0]"
502,170,17,Chorilia longipes,1.0,"[1043.0, 668.0, 45.0, 38.0]"
503,170,69,Sebastes,0.494,"[731.0, 650.0, 54.0, 22.0]"
504,170,30,Hexactinellida,0.8044,"[1722.0, 697.0, 140.0, 99.0]"
505,171,68,Scotoplanes globosa,0.8703,"[23.0, 396.0, 25.0, 12.0]"
506,171,6,Actinopterygii,0.9994,"[591.0, 370.0, 28.0, 15.0]"
507,172,57,Parastenella,0.9724,"[172.0, 646.0, 332.0, 300.0]"
508,173,19,Crinoidea,0.898,"[544.0, 198.0, 55.0, 53.0]"
509,173,14,Caridea,0.5739,"[466.0, 297.0, 32.0, 123.0]"
510,174,3,Acanthoptilum,0.9999,"[166.0, 493.0, 278.0, 304.0]"
511,175,3,Acanthoptilum,0.9053,"[335.0, 250.0, 54.0, 123.0]"
512,176,39,Lithodidae,0.8998,"[687.0, 495.0, 84.0, 85.0]"
513,176,17,Chorilia longipes,0.8214,"[1151.0, 213.0, 103.0, 114.0]"
514,176,56,Paralomis multispina,0.6044,"[745.0, 113.0, 58.0, 29.0]"
515,176,8,Apostichopus leukothele,0.8757,"[659.0, 1.0, 40.0, 79.0]"
516,177,64,Pyrosoma atlanticum,0.8164,"[403.0, 378.0, 23.0, 21.0]"
517,178,32,Holothuroidea,1.0,"[392.0, 382.0, 112.0, 38.0]"
518,179,32,Holothuroidea,0.5814,"[1344.0, 288.0, 48.0, 76.0]"
519,179,32,Holothuroidea,0.9967,"[1424.0, 612.0, 72.0, 64.0]"
520,180,43,Microstomus pacificus,0.3772,"[1547.0, 141.0, 79.0, 81.0]"
521,181,39,Lithodidae,0.7763,"[1115.0, 17.0, 236.0, 116.0]"
522,181,24,Funiculina,0.626,"[1848.0, 39.0, 68.0, 87.0]"
523,181,33,Hormathiidae,0.9322,"[1615.0, 142.0, 59.0, 46.0]"
524,182,35,Isididae,0.3361,"[404.0, 970.0, 58.0, 99.0]"
525,183,68,Scotoplanes globosa,0.9997,"[548.0, 281.0, 660.0, 469.0]"
526,184,34,Isidella tentaculum,0.9999,"[1367.0, 0.0, 359.0, 149.0]"
527,185,48,Ophiacanthidae,0.9656,"[1545.0, 575.0, 91.0, 82.0]"
528,186,24,Funiculina,0.5588,"[541.0, 259.0, 21.0, 16.0]"
529,186,61,Psathyrometra fragilis,0.8609,"[644.0, 263.0, 19.0, 24.0]"
530,186,77,Umbellula,0.6183,"[675.0, 146.0, 25.0, 18.0]"
531,186,61,Psathyrometra fragilis,0.3401,"[634.0, 223.0, 23.0, 16.0]"
532,187,4,Actinernus,0.8219,"[894.0, 553.0, 145.0, 114.0]"
533,187,4,Actinernus,0.9921,"[553.0, 229.0, 195.0, 156.0]"
534,188,61,Psathyrometra fragilis,0.5354,"[489.0, 170.0, 18.0, 23.0]"
535,189,10,Asbestopluma monticola,0.9987,"[1371.0, 385.0, 51.0, 139.0]"
536,189,57,Parastenella,0.5648,"[426.0, 745.0, 43.0, 47.0]"
537,189,10,Asbestopluma monticola,0.5383,"[1036.0, 340.0, 27.0, 70.0]"
538,190,17,Chorilia longipes,0.9697,"[1244.0, 563.0, 38.0, 39.0]"
539,191,6,Actinopterygii,1.0,"[464.0, 940.0, 35.0, 31.0]"
540,192,18,Corallimorphus pilatus,0.986,"[507.0, 186.0, 38.0, 38.0]"
541,193,25,Gastropoda,0.9923,"[385.0, 60.0, 27.0, 12.0]"
542,193,23,Florometra serratissima,0.5864,"[150.0, 282.0, 22.0, 44.0]"
543,194,17,Chorilia longipes,1.0,"[824.0, 619.0, 49.0, 46.0]"
544,194,57,Parastenella,0.9994,"[1075.0, 716.0, 160.0, 220.0]"
545,194,22,Farrea,0.7044,"[1704.0, 699.0, 70.0, 34.0]"
546,195,43,Microstomus pacificus,0.9513,"[281.0, 61.0, 34.0, 65.0]"
547,196,6,Actinopterygii,1.0,"[1700.0, 311.0, 54.0, 29.0]"
548,197,12,Benthocodon pedunculata,1.0,"[202.0, 802.0, 86.0, 76.0]"
549,198,3,Acanthoptilum,0.9793,"[1109.0, 684.0, 84.0, 62.0]"
550,198,3,Acanthoptilum,0.9952,"[7.0, 648.0, 186.0, 116.0]"
551,198,3,Acanthoptilum,0.9932,"[805.0, 634.0, 40.0, 62.0]"
552,198,3,Acanthoptilum,0.9978,"[320.0, 558.0, 127.0, 72.0]"
553,199,23,Florometra serratissima,0.7151,"[456.0, 295.0, 12.0, 10.0]"
554,199,23,Florometra serratissima,0.4127,"[420.0, 273.0, 17.0, 15.0]"
555,199,61,Psathyrometra fragilis,0.822,"[469.0, 278.0, 39.0, 28.0]"
556,200,64,Pyrosoma atlanticum,1.0,"[297.0, 742.0, 81.0, 45.0]"
557,200,64,Pyrosoma atlanticum,0.9916,"[548.0, 640.0, 53.0, 62.0]"
558,200,41,Merluccius productus,0.8774,"[665.0, 868.0, 29.0, 50.0]"
559,201,16,Chionoecetes tanneri,0.9917,"[779.0, 328.0, 182.0, 169.0]"
560,202,71,Sebastolobus,0.6052,"[1579.0, 771.0, 41.0, 83.0]"
561,203,21,Elpidia,0.4727,"[20.0, 227.0, 29.0, 22.0]"
562,204,14,Caridea,0.9553,"[879.0, 580.0, 25.0, 74.0]"
563,205,69,Sebastes,0.5513,"[298.0, 72.0, 41.0, 25.0]"
564,205,77,Umbellula,0.7571,"[89.0, 136.0, 41.0, 25.0]"
565,205,71,Sebastolobus,0.6013,"[293.0, 177.0, 40.0, 23.0]"
566,205,3,Acanthoptilum,0.4886,"[430.0, 63.0, 50.0, 30.0]"
567,205,77,Umbellula,0.7432,"[30.0, 153.0, 52.0, 22.0]"
568,206,78,Vesicomyidae,0.8853,"[40.0, 678.0, 77.0, 101.0]"
569,206,47,Octopus rubescens,0.9185,"[130.0, 0.0, 106.0, 57.0]"
570,206,47,Octopus rubescens,0.4423,"[560.0, 68.0, 136.0, 103.0]"
571,206,78,Vesicomyidae,0.3254,"[1358.0, 646.0, 68.0, 59.0]"
572,206,47,Octopus rubescens,0.9982,"[138.0, 59.0, 62.0, 77.0]"
573,207,18,Corallimorphus pilatus,0.5934,"[450.0, 331.0, 63.0, 83.0]"
574,208,17,Chorilia longipes,0.9938,"[6.0, 309.0, 935.0, 654.0]"
575,209,17,Chorilia longipes,0.9999,"[955.0, 761.0, 44.0, 42.0]"
576,209,17,Chorilia longipes,0.9927,"[226.0, 722.0, 40.0, 40.0]"
577,210,72,Serpulidae,0.4334,"[258.0, 213.0, 44.0, 29.0]"
578,211,70,Sebastes diploproa,0.9967,"[1255.0, 579.0, 145.0, 100.0]"
579,212,52,Pandalus platyceros,0.9995,"[659.0, 66.0, 35.0, 38.0]"
580,213,26,Gersemia juliepackardae,0.6252,"[758.0, 881.0, 53.0, 82.0]"
581,214,57,Parastenella,0.7081,"[663.0, 120.0, 127.0, 189.0]"
582,214,12,Benthocodon pedunculata,0.9754,"[1874.0, 543.0, 35.0, 28.0]"
583,214,12,Benthocodon pedunculata,0.9517,"[1113.0, 344.0, 36.0, 34.0]"
584,215,12,Benthocodon pedunculata,0.9999,"[59.0, 208.0, 38.0, 32.0]"
585,216,69,Sebastes,0.4865,"[479.0, 288.0, 27.0, 31.0]"
586,217,14,Caridea,0.9539,"[180.0, 199.0, 80.0, 31.0]"
587,218,12,Benthocodon pedunculata,0.9756,"[12.0, 172.0, 17.0, 9.0]"
588,218,12,Benthocodon pedunculata,1.0,"[100.0, 395.0, 12.0, 9.0]"
589,218,12,Benthocodon pedunculata,0.9982,"[65.0, 131.0, 12.0, 12.0]"
590,218,12,Benthocodon pedunculata,0.989,"[687.0, 87.0, 15.0, 12.0]"
591,218,12,Benthocodon pedunculata,1.0,"[559.0, 280.0, 20.0, 15.0]"
592,219,50,Paelopatides confundens,0.9996,"[439.0, 865.0, 110.0, 114.0]"
593,220,50,Paelopatides confundens,0.9999,"[1140.0, 704.0, 60.0, 54.0]"
594,220,50,Paelopatides confundens,0.9911,"[1648.0, 822.0, 102.0, 48.0]"
595,221,13,Brisingida,0.9993,"[1369.0, 798.0, 83.0, 78.0]"
596,222,76,Tunicata,0.9836,"[1553.0, 264.0, 29.0, 28.0]"
597,222,1,Abyssocucumis abyssorum,0.3494,"[1851.0, 172.0, 59.0, 53.0]"
598,222,76,Tunicata,0.8848,"[1156.0, 172.0, 33.0, 38.0]"
599,223,21,Elpidia,0.4791,"[1379.0, 289.0, 80.0, 67.0]"
600,224,63,Ptychogastria polaris,0.9647,"[297.0, 86.0, 20.0, 13.0]"
601,225,23,Florometra serratissima,0.9949,"[315.0, 215.0, 57.0, 28.0]"
602,225,3,Acanthoptilum,0.8425,"[379.0, 236.0, 58.0, 24.0]"
603,226,20,Delectopecten,1.0,"[414.0, 96.0, 46.0, 38.0]"
604,227,3,Acanthoptilum,0.9999,"[880.0, 4.0, 153.0, 289.0]"
605,227,3,Acanthoptilum,0.9972,"[1032.0, 153.0, 65.0, 113.0]"
606,228,57,Parastenella,0.9992,"[1202.0, 722.0, 47.0, 68.0]"
607,228,16,Chionoecetes tanneri,0.972,"[1360.0, 810.0, 90.0, 51.0]"
608,229,12,Benthocodon pedunculata,0.904,"[291.0, 186.0, 26.0, 17.0]"
609,230,77,Umbellula,0.9998,"[583.0, 400.0, 45.0, 29.0]"
610,230,11,Asteroidea,0.7487,"[1008.0, 502.0, 45.0, 19.0]"
611,231,63,Ptychogastria polaris,0.9998,"[613.0, 125.0, 16.0, 12.0]"
612,231,20,Delectopecten,0.9902,"[584.0, 366.0, 23.0, 20.0]"
613,231,63,Ptychogastria polaris,0.9992,"[517.0, 101.0, 17.0, 11.0]"
614,231,63,Ptychogastria polaris,1.0,"[319.0, 80.0, 14.0, 12.0]"
615,231,63,Ptychogastria polaris,1.0,"[535.0, 290.0, 13.0, 14.0]"
616,231,20,Delectopecten,0.9372,"[404.0, 109.0, 22.0, 15.0]"
617,231,20,Delectopecten,0.9988,"[607.0, 144.0, 13.0, 15.0]"
618,231,20,Delectopecten,0.921,"[384.0, 373.0, 25.0, 19.0]"
619,231,20,Delectopecten,0.9999,"[108.0, 360.0, 26.0, 18.0]"
620,231,20,Delectopecten,0.9984,"[392.0, 168.0, 21.0, 23.0]"
621,231,20,Delectopecten,0.9997,"[505.0, 260.0, 24.0, 22.0]"
622,231,20,Delectopecten,0.9999,"[49.0, 397.0, 27.0, 24.0]"
623,232,12,Benthocodon pedunculata,0.9984,"[1621.0, 748.0, 99.0, 79.0]"
624,232,50,Paelopatides confundens,0.4899,"[1253.0, 2.0, 77.0, 58.0]"
625,233,52,Pandalus platyceros,0.8433,"[1613.0, 361.0, 161.0, 90.0]"
626,234,5,Actiniaria,0.2285,"[1439.0, 265.0, 48.0, 33.0]"
627,235,76,Tunicata,1.0,"[617.0, 796.0, 33.0, 31.0]"
628,236,62,Psolus squamatus,0.2641,"[678.0, 345.0, 23.0, 18.0]"
629,237,38,Liponema brevicorne,1.0,"[315.0, 460.0, 402.0, 348.0]"
630,238,36,Isosicyonis,0.633,"[406.0, 720.0, 481.0, 219.0]"
631,238,7,Amphipoda,0.98,"[8.0, 497.0, 147.0, 323.0]"
632,239,17,Chorilia longipes,0.7032,"[1585.0, 854.0, 61.0, 73.0]"
633,240,77,Umbellula,0.989,"[955.0, 326.0, 182.0, 358.0]"
634,241,27,Heterocarpus,0.9998,"[1721.0, 488.0, 106.0, 83.0]"
635,242,21,Elpidia,0.8965,"[352.0, 249.0, 78.0, 45.0]"
636,243,1,Abyssocucumis abyssorum,1.0,"[1456.0, 362.0, 128.0, 187.0]"
637,244,43,Microstomus pacificus,0.4063,"[1544.0, 840.0, 178.0, 194.0]"
638,244,1,Abyssocucumis abyssorum,0.4862,"[1781.0, 313.0, 74.0, 42.0]"
639,244,79,Zoantharia,0.8463,"[1732.0, 883.0, 37.0, 27.0]"
640,244,78,Vesicomyidae,0.9682,"[93.0, 596.0, 72.0, 63.0]"
641,245,26,Gersemia juliepackardae,1.0,"[255.0, 649.0, 59.0, 116.0]"
642,245,26,Gersemia juliepackardae,0.9997,"[719.0, 606.0, 65.0, 126.0]"
643,245,26,Gersemia juliepackardae,1.0,"[845.0, 302.0, 80.0, 116.0]"
644,245,26,Gersemia juliepackardae,1.0,"[645.0, 248.0, 70.0, 88.0]"
645,245,26,Gersemia juliepackardae,1.0,"[359.0, 131.0, 68.0, 78.0]"
646,245,26,Gersemia juliepackardae,0.9999,"[724.0, 228.0, 89.0, 83.0]"
647,245,26,Gersemia juliepackardae,1.0,"[408.0, 643.0, 105.0, 89.0]"
648,245,26,Gersemia juliepackardae,0.971,"[1231.0, 953.0, 78.0, 76.0]"
649,246,57,Parastenella,0.9998,"[1662.0, 590.0, 61.0, 49.0]"
650,247,8,Apostichopus leukothele,0.794,"[523.0, 1043.0, 68.0, 32.0]"
651,247,18,Corallimorphus pilatus,0.9994,"[1425.0, 595.0, 20.0, 19.0]"
652,248,32,Holothuroidea,0.5663,"[697.0, 343.0, 251.0, 309.0]"
653,249,75,Terebellidae,0.5199,"[7.0, 219.0, 182.0, 113.0]"
654,249,23,Florometra serratissima,0.5274,"[294.0, 61.0, 59.0, 25.0]"
655,249,52,Pandalus platyceros,0.2668,"[84.0, 62.0, 161.0, 37.0]"
656,250,7,Amphipoda,0.9996,"[224.0, 351.0, 11.0, 15.0]"
657,251,52,Pandalus platyceros,0.2672,"[80.0, 234.0, 26.0, 36.0]"
658,252,61,Psathyrometra fragilis,0.8714,"[519.0, 312.0, 31.0, 32.0]"
659,252,15,Ceriantharia,0.8845,"[408.0, 165.0, 27.0, 26.0]"
660,252,15,Ceriantharia,0.9271,"[299.0, 246.0, 43.0, 36.0]"
661,252,77,Umbellula,0.4086,"[567.0, 307.0, 23.0, 28.0]"
662,252,61,Psathyrometra fragilis,0.4578,"[16.0, 423.0, 40.0, 61.0]"
663,252,23,Florometra serratissima,0.4195,"[69.0, 204.0, 39.0, 27.0]"
664,252,61,Psathyrometra fragilis,0.3768,"[433.0, 309.0, 44.0, 25.0]"
665,252,15,Ceriantharia,0.6295,"[421.0, 118.0, 19.0, 22.0]"
666,253,43,Microstomus pacificus,0.6357,"[160.0, 350.0, 17.0, 14.0]"
667,254,7,Amphipoda,0.9865,"[526.0, 326.0, 12.0, 12.0]"
668,255,68,Scotoplanes globosa,1.0,"[216.0, 779.0, 163.0, 212.0]"
669,256,62,Psolus squamatus,0.589,"[406.0, 819.0, 57.0, 44.0]"
670,257,17,Chorilia longipes,0.9997,"[119.0, 532.0, 47.0, 40.0]"
671,257,17,Chorilia longipes,0.9939,"[365.0, 1044.0, 49.0, 35.0]"
672,257,13,Brisingida,0.9507,"[741.0, 200.0, 56.0, 61.0]"
673,258,43,Microstomus pacificus,1.0,"[1707.0, 752.0, 188.0, 111.0]"
674,259,26,Gersemia juliepackardae,0.7548,"[604.0, 314.0, 44.0, 27.0]"
675,259,74,Strongylocentrotus fragilis,0.5349,"[617.0, 341.0, 47.0, 30.0]"
676,260,13,Brisingida,0.5772,"[268.0, 168.0, 33.0, 43.0]"
677,260,48,Ophiacanthidae,0.5485,"[351.0, 223.0, 33.0, 25.0]"
678,261,1,Abyssocucumis abyssorum,0.8971,"[1850.0, 542.0, 62.0, 80.0]"
679,262,43,Microstomus pacificus,0.6544,"[272.0, 118.0, 50.0, 31.0]"
680,262,6,Actinopterygii,0.5694,"[493.0, 203.0, 71.0, 17.0]"
681,262,21,Elpidia,0.319,"[260.0, 228.0, 69.0, 37.0]"
682,262,61,Psathyrometra fragilis,0.2589,"[58.0, 227.0, 54.0, 28.0]"
683,262,14,Caridea,0.4086,"[198.0, 114.0, 65.0, 23.0]"
684,262,62,Psolus squamatus,0.6072,"[215.0, 340.0, 82.0, 14.0]"
685,262,21,Elpidia,0.5973,"[315.0, 86.0, 61.0, 51.0]"
686,262,14,Caridea,0.3802,"[388.0, 98.0, 74.0, 25.0]"
687,262,62,Psolus squamatus,0.3736,"[491.0, 266.0, 67.0, 23.0]"
688,262,25,Gastropoda,0.2973,"[146.0, 75.0, 82.0, 18.0]"
689,262,18,Corallimorphus pilatus,0.2506,"[166.0, 163.0, 26.0, 23.0]"
690,263,14,Caridea,0.7213,"[508.0, 388.0, 70.0, 57.0]"
691,264,39,Lithodidae,0.9811,"[701.0, 436.0, 52.0, 49.0]"
692,265,22,Farrea,0.3922,"[1482.0, 527.0, 156.0, 180.0]"
693,266,13,Brisingida,0.9799,"[442.0, 387.0, 64.0, 68.0]"
694,267,60,Porifera,0.5919,"[139.0, 803.0, 76.0, 100.0]"
695,268,31,Hippasteria,0.8892,"[135.0, 596.0, 74.0, 51.0]"
696,269,57,Parastenella,0.9146,"[409.0, 775.0, 36.0, 49.0]"
697,270,26,Gersemia juliepackardae,1.0,"[449.0, 418.0, 52.0, 58.0]"
698,271,23,Florometra serratissima,0.5918,"[556.0, 227.0, 14.0, 16.0]"
699,271,70,Sebastes diploproa,0.2458,"[245.0, 243.0, 24.0, 24.0]"
700,271,40,Mediaster aequalis,0.3768,"[510.0, 249.0, 50.0, 29.0]"
701,271,50,Paelopatides confundens,0.3701,"[255.0, 122.0, 21.0, 11.0]"
702,271,78,Vesicomyidae,0.9685,"[291.0, 272.0, 37.0, 25.0]"
703,272,8,Apostichopus leukothele,1.0,"[471.0, 698.0, 402.0, 175.0]"
704,273,13,Brisingida,0.9736,"[741.0, 862.0, 83.0, 60.0]"
705,274,50,Paelopatides confundens,0.7441,"[335.0, 119.0, 32.0, 54.0]"
706,275,31,Hippasteria,0.8181,"[854.0, 865.0, 56.0, 46.0]"
707,276,38,Liponema brevicorne,0.9999,"[449.0, 395.0, 162.0, 230.0]"
708,276,4,Actinernus,0.6619,"[662.0, 309.0, 111.0, 81.0]"
709,276,4,Actinernus,0.9733,"[768.0, 885.0, 153.0, 115.0]"
710,276,38,Liponema brevicorne,0.9987,"[382.0, 491.0, 120.0, 210.0]"
711,277,11,Asteroidea,0.4386,"[392.0, 285.0, 29.0, 26.0]"
712,278,68,Scotoplanes globosa,1.0,"[1131.0, 161.0, 316.0, 185.0]"
713,278,68,Scotoplanes globosa,0.9999,"[684.0, 11.0, 419.0, 336.0]"
714,279,41,Merluccius productus,0.3158,"[1342.0, 947.0, 557.0, 131.0]"
715,280,28,Heterochone calyx,0.9044,"[297.0, 192.0, 86.0, 80.0]"
716,281,31,Hippasteria,0.787,"[611.0, 673.0, 54.0, 54.0]"
717,281,31,Hippasteria,0.868,"[916.0, 636.0, 33.0, 22.0]"
718,282,65,Rathbunaster californicus,1.0,"[415.0, 119.0, 35.0, 29.0]"
719,282,3,Acanthoptilum,0.5433,"[203.0, 117.0, 25.0, 23.0]"
720,282,23,Florometra serratissima,0.5559,"[507.0, 67.0, 44.0, 19.0]"
721,282,70,Sebastes diploproa,0.7853,"[264.0, 73.0, 31.0, 24.0]"
722,282,23,Florometra serratissima,0.6465,"[373.0, 60.0, 29.0, 20.0]"
723,282,23,Florometra serratissima,0.9023,"[621.0, 175.0, 54.0, 18.0]"
724,282,70,Sebastes diploproa,0.4277,"[159.0, 114.0, 18.0, 22.0]"
725,282,23,Florometra serratissima,0.6539,"[126.0, 156.0, 62.0, 37.0]"
726,283,21,Elpidia,0.2199,"[337.0, 1034.0, 133.0, 44.0]"
727,284,50,Paelopatides confundens,1.0,"[821.0, 686.0, 80.0, 45.0]"
728,284,21,Elpidia,0.3977,"[565.0, 550.0, 91.0, 60.0]"
729,284,24,Funiculina,0.901,"[990.0, 1054.0, 97.0, 22.0]"
730,285,39,Lithodidae,0.5342,"[1077.0, 543.0, 123.0, 73.0]"
731,286,23,Florometra serratissima,0.9737,"[232.0, 157.0, 25.0, 19.0]"
732,286,61,Psathyrometra fragilis,0.9273,"[364.0, 330.0, 34.0, 31.0]"
733,287,40,Mediaster aequalis,0.9922,"[851.0, 965.0, 68.0, 75.0]"
734,287,11,Asteroidea,0.9002,"[5.0, 990.0, 43.0, 48.0]"
735,287,40,Mediaster aequalis,0.6844,"[60.0, 941.0, 52.0, 36.0]"
736,288,46,Mycale,0.9999,"[750.0, 8.0, 47.0, 44.0]"
737,288,46,Mycale,0.4231,"[360.0, 2.0, 109.0, 56.0]"
738,289,58,Peniagone,0.3349,"[910.0, 426.0, 73.0, 26.0]"
739,289,40,Mediaster aequalis,1.0,"[741.0, 684.0, 51.0, 32.0]"
740,290,25,Gastropoda,0.9059,"[368.0, 181.0, 22.0, 12.0]"
741,290,77,Umbellula,0.3971,"[441.0, 165.0, 21.0, 22.0]"
742,290,61,Psathyrometra fragilis,0.6351,"[465.0, 269.0, 35.0, 20.0]"
743,290,65,Rathbunaster californicus,0.9997,"[3.0, 111.0, 28.0, 20.0]"
744,290,23,Florometra serratissima,0.75,"[353.0, 185.0, 15.0, 8.0]"
745,291,64,Pyrosoma atlanticum,0.9893,"[387.0, 510.0, 12.0, 14.0]"
746,291,64,Pyrosoma atlanticum,0.9047,"[1728.0, 819.0, 38.0, 24.0]"
747,291,64,Pyrosoma atlanticum,0.9986,"[379.0, 524.0, 24.0, 14.0]"
748,291,64,Pyrosoma atlanticum,0.4528,"[1540.0, 44.0, 30.0, 14.0]"
749,292,39,Lithodidae,0.5719,"[1119.0, 1026.0, 55.0, 49.0]"
750,293,21,Elpidia,0.978,"[1477.0, 914.0, 69.0, 94.0]"
751,293,21,Elpidia,0.9484,"[1293.0, 342.0, 61.0, 64.0]"
752,293,78,Vesicomyidae,0.5467,"[1100.0, 707.0, 99.0, 104.0]"
753,294,55,Paragorgia arborea,0.4601,"[1054.0, 844.0, 48.0, 37.0]"
754,295,52,Pandalus platyceros,0.9716,"[700.0, 721.0, 33.0, 65.0]"
755,296,25,Gastropoda,0.7587,"[463.0, 383.0, 188.0, 39.0]"
756,297,14,Caridea,0.301,"[620.0, 163.0, 42.0, 32.0]"
757,298,8,Apostichopus leukothele,0.8745,"[352.0, 204.0, 55.0, 19.0]"
758,299,34,Isidella tentaculum,0.8711,"[8.0, 108.0, 337.0, 660.0]"
759,300,1,Abyssocucumis abyssorum,0.4927,"[445.0, 208.0, 72.0, 72.0]"
760,300,53,Pannychia moseleyi,0.323,"[83.0, 56.0, 36.0, 28.0]"
761,301,29,Heteropolypus ritteri,0.9736,"[2.0, 845.0, 86.0, 133.0]"
762,302,35,Isididae,0.7093,"[777.0, 244.0, 354.0, 281.0]"
763,303,39,Lithodidae,0.91,"[850.0, 44.0, 50.0, 50.0]"
764,304,42,Metridium farcimen,0.9982,"[173.0, 100.0, 47.0, 58.0]"
765,305,7,Amphipoda,0.5732,"[603.0, 128.0, 26.0, 15.0]"
766,306,50,Paelopatides confundens,1.0,"[17.0, 894.0, 235.0, 158.0]"
767,307,8,Apostichopus leukothele,0.9637,"[1007.0, 190.0, 63.0, 24.0]"
768,308,46,Mycale,0.5299,"[476.0, 357.0, 394.0, 504.0]"
769,308,60,Porifera,0.3793,"[687.0, 852.0, 51.0, 47.0]"
770,309,47,Octopus rubescens,1.0,"[810.0, 942.0, 74.0, 60.0]"
771,310,77,Umbellula,0.2279,"[65.0, 320.0, 23.0, 22.0]"
772,311,39,Lithodidae,0.9861,"[224.0, 304.0, 88.0, 61.0]"
773,312,39,Lithodidae,0.9011,"[198.0, 313.0, 33.0, 36.0]"
774,313,4,Actinernus,0.9486,"[197.0, 416.0, 49.0, 40.0]"
775,314,43,Microstomus pacificus,0.9975,"[239.0, 237.0, 141.0, 168.0]"
776,315,67,Scotoplanes,0.1786,"[327.0, 253.0, 27.0, 27.0]"
777,316,17,Chorilia longipes,0.9558,"[1824.0, 796.0, 58.0, 32.0]"
778,317,50,Paelopatides confundens,0.5795,"[374.0, 321.0, 75.0, 73.0]"
779,318,47,Octopus rubescens,0.9899,"[1100.0, 84.0, 355.0, 275.0]"
780,319,28,Heterochone calyx,0.2466,"[1072.0, 2.0, 72.0, 38.0]"
781,319,46,Mycale,0.9797,"[1771.0, 960.0, 59.0, 61.0]"
782,319,26,Gersemia juliepackardae,0.2323,"[801.0, 0.0, 41.0, 37.0]"
783,320,35,Isididae,0.9998,"[1235.0, 14.0, 68.0, 102.0]"
784,321,5,Actiniaria,0.8963,"[434.0, 0.0, 58.0, 24.0]"
785,322,20,Delectopecten,0.9954,"[128.0, 255.0, 18.0, 12.0]"
786,323,67,Scotoplanes,0.9859,"[59.0, 304.0, 84.0, 55.0]"
787,324,39,Lithodidae,0.2436,"[1449.0, 16.0, 71.0, 71.0]"
788,325,5,Actiniaria,0.3603,"[724.0, 827.0, 129.0, 44.0]"
